sine,cosine,sine_2x,noise
0.0,1.0,0.0,0.07377644175657204
0.09993301616303926,0.9949941669580568,0.1988655363374986,0.09418539672293769
0.1988655363374986,0.9800267845611156,0.3897871042737208,-0.03404187818916383
0.29580708116655396,0.9552477012438837,0.565138068592027,0.0003133919832721492
0.3897871042737208,0.9209049969143979,0.7179137841169261,-0.19252437481608814
0.47986470904909423,0.8773424992608233,0.8420114062884005,-0.024135698454119642
0.565138068592027,0.8249963414634476,0.9324736780202822,-0.04295639347914765
0.6447534545009241,0.764390595774912,0.9856869544277879,0.08616713790403496
0.7179137841169261,0.6961320266838151,0.9995255550431253,0.09220702701631905
0.7838866006493302,0.620904016191261,0.9734366771633686,-0.12584113222464796
0.8420114062884005,0.5394597220184562,0.9084624783454198,-0.0007152368910903471
0.8917062748888881,0.4526145372430967,0.8071984459311995,0.09840888494978899
0.9324736780202822,0.36123792685614675,0.6736897165919457,0.01950372545592664
0.9639054660553245,0.26624472296867774,0.5132694875557879,0.06353246921664152
0.9856869544277879,0.16858596581824933,0.3323459744133147,-0.008281799833637485
0.9976000741492779,0.06923938227161942,0.13814642577643546,-0.12421289566444037
0.9995255550431253,-0.030800402850168468,-0.06157157950873298,0.025029323984889874
0.9914441198375696,-0.13053182462337132,-0.25883001994902083,-0.11039240324788686
0.9734366771633686,-0.2289564053551246,-0.4457491248883234,0.07161471156964566
0.9456835115235998,-0.3250887510086957,-0.6148621432214489,0.04730031212608323
0.9084624783454198,-0.41796641663953993,-0.7594136134510218,0.10161558399732291
0.8621462221843063,-0.5066595420727106,-0.873629220263236,0.01929171531584856
0.8071984459311995,-0.5902801613524348,-0.9529464578154062,0.09113298501980241
0.7441692683739978,-0.6679910927607561,-0.994196885560238,-0.019517808805399182
0.6736897165919457,-0.7390143204013465,-0.9957326961371448,0.02246057638397148
0.5964654083232273,-0.8026387834348686,-0.9574925393950746,-0.023404335942168945
0.5132694875557879,-0.8582274949826642,-0.8810039731120791,-0.057536932502407406
0.4249348840678924,-0.9052239194266835,-0.7693224425141221,-0.13851035069802017
0.3323459744133147,-0.9431575442582563,-0.6269092261435582,-0.13072252569671775
0.2364297278385871,-0.9716485906922172,-0.4594532237042151,-0.02067566200434512
0.13814642577643546,-0.9904118158852889,-0.27364370482260353,0.0745279718650124
0.03848004782872783,-0.9992593686921825,-0.07690309660115911,-0.1593922536849573
-0.06157157950873298,-0.9981026703685347,0.12290951585294989,-0.06551359781883856
-0.16100677275189496,-0.9869533013917221,0.31781233182781904,0.18865995913695932
-0.25883001994902083,-0.965922885520987,0.5000196794572255,0.09480426350160737
-0.3540619474139315,-0.9352219722576317,0.6622530255236697,-0.12062672198777623
-0.4457491248883234,-0.8951579288937197,0.7980317268824394,-0.06242539259170152
-0.532973610967149,-0.8461318632533809,0.9019319090250326,-0.032397278312789844
-0.6148621432214489,-0.7886346079352127,0.9698031305073039,-0.14739841807639184
-0.6905948810101928,-0.7232418062602007,0.9989341782717206,-0.049980756795045406
-0.7594136134510218,-0.650608149123005,0.9881613709323647,-0.07752861028389042
-0.8206293503744214,-0.5714608204453347,0.937915043692978,-0.14703579972440722
-0.873629220263236,-0.4865922168533422,0.8502023579914898,-0.034965732734361814
-0.9178826061176495,-0.39685201446719615,0.7285271225643783,0.015498759552825501
-0.9529464578154062,-0.303138662227487,0.5777498287931689,-0.04865634977789546
-0.9784697277816928,-0.20639038692444026,0.40389349142143055,0.055164339399408506
-0.994196885560238,-0.10757579998458197,0.21390305061264503,0.0683613478707104
-0.999970476098915,-0.007684200056571173,0.015367946378017569,-0.22983535805503694
-0.9957326961371448,0.0922843315165278,-0.18378105246433266,0.1957750435711878
-0.9815259729128422,0.19132894317770865,-0.3755886541977727,-0.049353305408015725
-0.9574925393950746,0.28845803334761155,-0.5523928297178271,-0.03180987023214987
-0.9238730102950712,0.38269917800842357,-0.7071308832481833,-0.00924212534625898
-0.8810039731120791,0.47310886628843757,-0.83362158182933,-0.13314520518454706
-0.8293146183317122,0.5587819465778457,-0.9268120735137148,0.14650934304840618
-0.7693224425141221,0.6388606886044136,-0.9829797307668028,0.004332100076679955
-0.7016280672912412,0.7125433707425518,-0.9998808561505659,-0.08761358315194896
-0.6269092261435582,0.7790923065825289,-0.9768403100281059,0.12548085117922297
-0.5459139791588183,0.837841230400477,-0.9147784799824895,0.12239275523083167
-0.4594532237042151,0.8882019675883431,-0.8161745146177823,0.17863644392454647
-0.3683925759927202,0.9296703232616644,-0.684967290420699,0.008911528572741977
-0.27364370482260353,0.9618311300903918,-0.5263980677032924,0.01710936573216627
-0.17615520425384545,0.9843624048155669,-0.3468011209601854,0.25453787196639904
-0.07690309660115911,0.9970385718381976,-0.15335070721030927,0.07924952114525034
0.023118939175514847,0.9997327216068298,0.046225519965200426,-0.022766074587082186
0.12290951585294989,0.9924178811935993,0.24395520260263134,-0.15077823301410365
0.2214695634991331,0.9751672843381815,0.43193974560202403,0.07440780521386818
0.31781233182781904,0.9481536382560394,0.6026698374103643,-0.14453208890241373
0.41097326921290356,0.9116473945514559,0.7493254202164754,-0.1131642471348219
0.5000196794572255,0.866014041546379,0.8660481269189535,-0.00024173787364077865
0.5840600596354498,0.8117104451333831,0.9481753019826425,-0.049532790215378764
0.6622530255236697,0.7492802747869091,0.9924262578856738,-0.1263085292944344
0.7338157352573033,0.679348560526026,0.9970333268767925,-0.10537749438376726
0.7980317268824394,0.6026154353225877,0.9618124729929953,-0.15133264601547
0.8542580913336814,0.5198491256037041,0.8881706436394069,-0.14315145470994817
0.9019319090250326,0.43187826002527613,0.7790495670620138,-0.0023256573190527275
0.940575885612824,0.33958357351858454,0.6388082408036202,-0.12196414300876637
0.9698031305073039,0.24388908966625283,0.4730488053098169,0.129077067375635
0.9893210302920371,0.14575286968667964,0.28839275841289386,-0.010181414902130669
0.9989341782717206,0.04615742064503529,0.09221645012638094,-0.24626837386352263
0.9985463308187663,-0.05390014107940063,-0.10764357621089869,-0.07675159074717708
0.9881613709323647,-0.15341807258947524,-0.3032036258716338,-0.15816476644271849
0.9678832693631936,-0.25140003358555063,-0.4866517728495986,-0.12913690151652374
0.937915043692978,-0.3468650613918897,-0.6506599184218833,-0.034362209926347656
0.8985567257902547,-0.43885739202740653,-0.7886765225379936,0.026458812546570145
0.8502023579914898,-0.5264560289954999,-0.8951883144616202,0.01127584317260974
0.7933360480807814,-0.6087839639934417,-0.9659405282590198,0.0449394387460985
0.7285271225643783,-0.6850169572266567,-0.9981068655122841,-0.01088921861232033
0.6564244267638064,-0.7543917894223188,-0.9904023958537355,-0.018942957915867264
0.5777498287931689,-0.8162139029258593,-0.9431348853480389,0.07120872722581041
0.493290992456632,-0.8698643553802805,-0.8581925023363741,0.08234702264590353
0.40389349142143055,-0.9148060163703596,-0.7389683918503099,0.047278318871453756
0.3104523436166628,-0.9505889449930089,-0.5902251315783409,0.027616409497316786
0.21390305061264503,-0.9768548945153546,-0.41790448388545576,-0.0926061706162064
0.11521223169156894,-0.9933408990214023,-0.22889004361353046,-0.05985827823697886
0.015367946378017569,-0.9998819061389814,-0.030732263035787716,-0.08093497200696721
-0.0846301976830656,-0.9964124294889768,0.16865316176303155,0.056815555123674547
-0.18378105246433266,-0.9829672043130951,0.3613014946931667,-0.06201111618150204
-0.28109195271578163,-0.95968083971622,0.5395171224395063,-0.03617905829037527
-0.3755886541977727,-0.9267864710050022,0.6961809667469439,0.15224573542750375
-0.4663250874890395,-0.8846134256150193,0.825034866187806,0.056337652214905456
-0.5523928297178271,-0.8335839259944566,0.9209315673747474,0.030981461574327226
-0.6329301993883469,-0.7742088624539425,0.9800403393623981,-0.0473307031396597
-0.7071308832481833,-0.707082678303354,0.9999999976762831,0.23542488530619893
-0.7742520088273354,-0.6328774184838925,0.9800132252052238,0.07897123664021008
-0.83362158182933,-0.5523360012785385,0.9208784221742042,-0.06035806530918271
-0.8846452139137283,-0.46626478046227504,0.824957812904974,0.13282775479329886
-0.9268120735137148,-0.3755254723573468,0.6960830833854595,-0.053689399804516584
-0.9597000001111684,-0.28102652861718147,0.5394023190903005,0.039065940622117934
-0.9829797307668028,-0.18371404111178888,0.36117435734029507,-0.09249767361392078
-0.9964181965907715,-0.08456226997186377,0.1685187690899729,0.07289684698872315
-0.9998808561505659,0.015436110378315073,-0.03086854252140862,0.0734522456269223
-0.9933330424549103,0.11527994954575221,-0.22902276603266125,0.002910734333208818
-0.9768403100281059,0.21396964435217009,-0.41802834745115464,0.020829345032148915
-0.9505677786000201,0.3105171465272461,-0.5903351883832424,-0.018193200107168336
-0.9147784799824895,0.4039558547179702,-0.7390602455178644,0.13898520462591377
-0.8698307246826495,0.49335029177862716,-0.8582624836403998,0.07451157521558076
-0.8161745146177823,0.5778054704556088,-0.9431801987852119,0.2319803686411154
-0.754347037846384,0.6564758537009462,-0.9904212313139696,-0.053335100783529765
-0.684967290420699,0.7285738199068958,-0.9980984705861695,-0.06785554691301077
-0.6087298792049377,0.7933775483104761,-0.9659052382938919,0.07707625301971364
-0.5263980677032924,0.8502382456219196,-0.8951275391656318,0.0868070783461794
-0.43879613452059907,0.8985866415264474,-0.7885926896673049,-0.041938772361733885
-0.3468011209601854,0.9379386880285719,-0.6505563768004686,-0.13679407068177799
-0.2513340503792009,0.9679004055789964,-0.48653265859568073,-0.008131078653878519
-0.15335070721030927,0.9881718274663055,-0.30307369717452337,-0.03994865981368007
-0.05383206796710025,0.9985500029835189,-0.1075080232583139,0.01822171322143207
0.046225519965200426,0.9989310293027978,0.09235221247778938,0.04075036299595641
0.1458203134270555,0.9893110917158642,0.2885233069417396,-0.03459112483551179
0.24395520260263134,0.969786501825587,0.4731689250683162,-0.07049517074001564
0.33964769375032283,0.9405527333063717,0.6389131334361431,-0.08152014834341433
0.43193974560202403,0.9019024648870068,0.7791350424822645,0.07020030251369316
0.5199073609523991,0.8542226501489595,0.8882332874094201,0.00045190649028157984
0.6026698374103643,0.7979906434763286,0.9618497827177421,-0.026778148602284793
0.6793985846973472,0.7337694209431473,0.9970438121659323,0.05799117657619213
0.7493254202164754,0.6622019439849166,0.9924094998893289,0.048890122389474766
0.8117502598402286,0.5840047222834088,0.9481319701229554,-0.0651965968960244
0.8660481269189535,0.49996064031098697,0.8659799521490619,0.1290725429279813
0.911675409338391,0.41091111935268565,0.7492351258751124,-0.10042580967279816
0.9481753019826425,0.3177476934772694,0.602561030434196,-0.02275033311735182
0.975182380114456,0.22140308379583368,0.43181677244140276,-0.0552669394874314
0.9924262578856738,0.12284186036949142,0.24382297559641775,-0.05421468594602796
0.9997342953500604,0.023050785256006474,0.04608932111035838,-0.028658375485498475
0.9970333268767925,-0.07697106662243297,-0.15348543725563918,-0.06049116928432772
0.9843503936603283,-0.17622230988372808,-0.3469290002115602,0.06271719020723786
0.9618124729929953,-0.2737092742219362,-0.5265139878410365,-0.05039617699146847
0.9296452070107393,-0.3684559527025715,-0.6850666208490425,-0.00011850298446869478
0.8881706436394069,-0.4595137732181285,-0.8162532874406354,0.03564921049345909
0.8378040123584467,-0.545971095275279,-0.9148335485067289,-0.013475319304102987
0.7790495670620138,-0.6269623370350799,-0.9768694744627348,0.023067174352692094
0.7124955376373597,-0.701676641229313,-0.9998829514805121,0.0557849526064714
0.6388082408036202,-0.7693659931926964,-0.9829546732911129,0.03907646285887272
0.5587254091713215,-0.8293527097359359,-0.9267608641891099,-0.11912836755871513
0.4730488053098169,-0.881036223883533,-0.8335462662855554,0.012921995994797476
0.3826361947681693,-0.9238990975498004,-0.7070344700724025,0.010614773811575077
0.28839275841289386,-0.9575122019561957,-0.5522791702723021,-0.006911774797244048
0.19126203005937775,-0.9815390139253589,-0.3754622887716879,-0.17043034606951857
0.09221645012638094,-0.9957389850387944,-0.18364702890544635,-0.017715270262653852
-0.007752370112722516,-0.9999699499273144,0.015504274306874285,-0.14624417667623554
-0.10764357621089869,-0.9941895495832412,0.21403623709728542,-0.10251736537465302
-0.20645709076797603,-0.9784556554446522,0.404018216137152,0.01399063533185638
-0.3032036258716338,-0.9529257900058611,0.5778611094327362,-0.06248102526417455
-0.39691458751764125,-0.9178555497548079,0.728620513863415,-0.016357194266302465
-0.4866517728495986,-0.8735960462263679,0.8502741293009239,0.016702643684858173
-0.5715167631326546,-0.8205903907909067,0.9379623280051586,-0.1591417314208059
-0.6506599184218833,-0.7593692583712013,0.9881822794077836,-0.09329305624820239
-0.7232888838737036,-0.690545574502315,0.9989278756914097,0.062092897673204445
-0.7886765225379936,-0.6148083789258063,0.969769868636852,0.00859705570547061
-0.8461681952104326,-0.5329159271539171,0.9018730165574489,-0.22022137583798915
-0.8951883144616202,-0.44568809906857854,0.7979495563616091,-0.045377074435565344
-0.9352461072262215,-0.3539981905578034,0.6621508593686235,0.015139695384390582
-0.9659405282590198,-0.25876417036886357,0.49990159884121393,0.13968874593416486
-0.9869642752659956,-0.1609394897117169,0.3176830536500077,-0.038897139724795936
-0.9981068655122841,-0.061503536623865485,0.12277420431513271,-0.20226169670218025
-0.9992567431050295,0.03854816933564211,-0.0770390362859898,-0.00813187693348223
-0.9904023958537355,0.13821394389561617,-0.2737748423492241,0.09661030421325734
-0.9716324705264735,0.2364959666011704,-0.45957432059648295,-0.13288392511935823
-0.9431348853480389,0.3324102706589278,-0.6270154450128367,-0.06924207524699218
-0.9051949486254355,0.42499659408399376,-0.7694095402956919,0.0849654277425264
-0.8581925023363741,0.5133279935223019,-0.8810684705604286,-0.07345774246447516
-0.8025981192782264,0.5965201244979536,-0.957531860067342,0.18737172207371
-0.7389683918503099,0.6737400951748137,-0.9957452693128133,0.07155074336345778
-0.6679403596366418,0.744214804991458,-0.9941822089858151,-0.11669760516138446
-0.5902251315783409,0.8072386846858433,-0.9529051177676575,0.13616767696971188
-0.50660076658836,0.8621807602191583,-0.8735628681295213,0.060584390865257645
-0.41790448388545576,0.9084909698772083,-0.7593248997622639,-0.09373838009453346
-0.3250242810349316,0.9457056713046221,-0.614754611772884,0.07713635443214259
-0.22889004361353046,0.9734522833372966,-0.44562707117752914,-0.1453069827289603
-0.13046423550554456,0.9914530161606013,-0.2586983195861184,0.03714153573981377
-0.030732263035787716,0.9995276524482449,-0.06143549345316573,-0.19794423425576146
0.0693073905894856,0.9975953516379658,0.13828146137245545,-0.04986338620437936
0.16865316176303155,0.9856754592802505,0.332474565359685,0.15934612424110803
0.2663104337970144,0.9638873133571405,0.5133864971031574,-0.11589351165729356
0.3613014946931667,0.9324490495102045,0.6737904706265188,-0.03753262749436085
0.45267532566884194,0.8916754171393353,0.8072789196888985,0.04045951612948038
0.5395171224395063,0.8419746282368576,0.9085194571868452,0.001645914305819279
0.6209574539337676,0.7838442705053683,0.9734678849871699,-0.15560296954363295
0.6961809667469439,0.7178663256758119,0.9995297452081263,0.03661913577644718
0.7644345481870927,0.644701342900723,0.9856639595518522,-0.0665570021874218
0.825034866187806,0.5650818255566792,0.9324244166666318,-0.018689899670471754
0.8773752106006832,0.47980489766508916,0.8419378462722938,0.03044824779252476
0.9209315673747474,0.3897243233526632,0.717818863898462,-0.048430094365280126
0.9552678648101458,0.2957419592500619,0.5650255798951513,-0.11714259727301975
0.9800403393623981,0.19879872540445476,0.389661540620388,-0.09128890889638941
0.9950009772882155,0.09986518510219598,0.1987319135475071,-0.03157022010378747
0.9999999976762831,-6.817208671141684e-05,-0.00013634417310600844,-0.08471631952773802
0.9949873520037291,-0.10000084675945042,-0.19899915543063257,-0.04062186061859581
0.9800132252052238,-0.19893234634632795,-0.38991266068101493,-0.18080792483657182
0.9552275332381716,-0.2958722017083021,-0.565250546783136,0.0360181130369056
0.9208784221742042,-0.3898498833832685,-0.7180086909895637,-0.3042689434121377
0.877309783843573,-0.4799245182029596,-0.842084950651739,-0.03989106646412225
0.824957812904974,-0.5651943090009328,-0.9325229220394953,-0.09776028806887903
0.7643466398102773,-0.6448055631046761,-0.9857099309800657,-0.16246626217205334
0.6960830833854595,-0.7179612392215833,-0.9995213462972105,-0.09140771088179656
0.6208505755631448,-0.7839289271502309,-0.973405451243639,0.10218189965415324
0.5394023190903005,-0.842048180426753,-0.9084054826159167,0.12304847615860266
0.45255374671385307,-0.8917371284942964,-0.8071179571678933,-0.04641288407778799
0.36117435734029507,-0.9324983021967518,-0.6735889500336563,-0.056788977566712785
0.26617901090298385,-0.9639236142738228,-0.5131524684668708,0.01953179776023461
0.1685187690899729,-0.9856984449944112,-0.33221737728871714,-0.06912129094591746
0.06917137363196563,-0.9976047920243101,-0.13801138761230583,-0.0562296870569011
-0.03086854252140862,-0.9995234529927771,0.06170766441970541,0.05008983532609606
-0.13059941313456228,-0.9914352189068673,0.25896171550034636,0.007480527940992775
-0.22902276603266125,-0.9734210664654578,0.44587117031276413,0.03710809556400332
-0.3251532194716332,-0.9456613473475756,0.6149696632398931,0.09380229153224828
-0.41802834745115464,-0.9084339825916116,0.759502313022485,0.13030746759439193
-0.5067183152023963,-0.8621116801426858,0.873695556156418,0.10101730009414184
-0.5903351883832424,-0.8071582034251537,0.9529877801481353,-0.13164684189525733
-0.6680418227804276,-0.7441237282980593,0.9942115436528061,0.14765700503187015
-0.7390602455178644,-0.6736393348781483,0.9957201044510702,-0.13834356156719127
-0.8026794438613016,-0.5964106893764661,0.9574532009232749,-0.0186116504435268
-0.8582624836403998,-0.5132109792038867,0.8809394592860988,0.05073345138968114
-0.9052528860209638,-0.42487317207693376,0.7692353304310519,0.09624380380737269
-0.9431801987852119,-0.33228167662314506,0.6268029956202027,-0.005476495367187828
-0.9716647063422891,-0.23636348797721154,0.4593321182708327,-0.23551442211890122
-0.9904212313139696,-0.13807890701522757,0.2735125622090177,0.22384009123609117
-0.9992619896353441,-0.038411926142979204,0.07676715548671857,-0.037148551137608544
-0.9980984705861695,0.06163962210745155,-0.12304482510591368,-0.07658459072389834
-0.9869423229306488,0.1610740550438056,-0.3179416040975854,-0.12596432993946946
-0.9659052382938919,0.2588958683262836,-0.5001377507780057,0.07354136059900794
-0.9351978329426596,0.35412570262458104,-0.6623551793676098,0.00666828287824412
-0.8951275391656318,0.4458101486364796,-0.7981138825680734,0.11790706188166362
-0.8460955273639872,0.5330312923034222,-0.9019907847259432,0.046005904292285064
-0.7885926896673049,0.6149159046595607,-0.969836374349374,-0.0557477192500234
-0.7231947252854798,0.690644184308577,-0.9989404622821111,-0.04839141105543726
-0.6505563768004686,0.759457965001518,-0.9881404440872891,0.15400773341738966
-0.5714048751021885,0.8206683061441159,-0.9378677419452064,0.24641405541597794
-0.48653265859568073,0.8736623902399705,-0.8501305708770202,0.12243234832742234
-0.3967894395724077,0.917909658214693,-0.7284337177222168,0.19320133481075652
-0.30307369717452337,0.9529671211961961,-0.5776385374133863,0.08955923257351339
-0.2063236821217189,0.9784837955713606,-0.40376875919743666,-0.09672147630084055
-0.1075080232583139,0.9942042169167709,-0.21376986015160396,0.09709167127582748
-0.00761602996470802,0.9999709976232194,-0.015231618163474823,-0.03362561224326859
0.09235221247778938,0.9957264026078936,0.1839150726067781,0.2911134148751785
0.19139585540685108,0.9815129273387487,0.37571501264176455,0.13560597699976826
0.2885233069417396,0.9574728723840708,0.5525064788945164,0.19919517428415798
0.3827621594701089,0.9238469187467039,0.7072272832785892,-0.03731580589797372
0.4731689250683162,0.8809717182462181,0.8336968818763013,0.0762076272251409
0.5588384813874683,0.829276523073304,0.9268632656091301,0.011404920860661772
0.6389131334361431,0.769278888260174,0.9830047699691608,0.22478610826370257
0.712591200536246,0.7015794900923998,0.999878742233101,0.19539381608637874
0.7791350424822645,0.6268561123385175,0.976811127434276,-0.13699540208562974
0.837878444548696,0.545856860505259,0.9147233944527617,0.04961401486954009
0.8882332874094201,0.45939267205502354,0.8160957266224625,0.1813159410675343
0.9296954351920088,0.368329197570789,0.6848679472589961,0.03852880473899573
0.9618497827177421,0.27357813415153,0.5262821377799486,-0.07605267428002044
0.9843744113960468,0.17608809780529325,0.3466732352618701,-0.0737353945697486
0.9970438121659323,0.07683512622248323,0.15321597431423056,0.07785575771927618
0.9997311432174081,-0.023187092987579493,-0.04636171796072237,-7.132370933634717e-05
0.9924094998893289,-0.12297717076519457,-0.24408742507378273,-0.053432829643041024
0.975152184029882,-0.22153604217316747,-0.4320627107330005,0.03098324598158311
0.9481319701229554,-0.31787696870135695,-0.6027786331830609,-0.18402413191920813
0.9116193755277006,-0.41103541716315045,-0.7494157006280784,0.05844807448782105
0.8659799521490619,-0.5000787162796557,-0.8661162855892411,-0.06524743511888494
0.8116706266541672,-0.5841153942731107,-0.9482186162160035,-0.10261529711661595
0.7492351258751124,-0.6623041039846459,-0.9924429974330792,0.05488238315676397
0.6792985331974776,-0.7338620461610995,-0.9970228230530687,0.009695577312411281
0.602561030434196,-0.7980728065797507,-0.9617751453884108,-0.05472260116962418
0.5197908878390449,-0.8542935285482954,-0.8881079833585379,0.08863453303741016
0.43181677244140276,-0.9019613489713899,-0.7789640771594389,0.051955418182820824
0.33951945170865583,-0.9405990335480118,-0.6387033362958249,0.10319148637891629
0.24382297559641775,-0.9698197546819248,-0.4729286767574694,0.12557162118185494
0.14568542526892878,-0.9893309642704059,-0.28826220452290696,-0.14776381308072
0.04608932111035838,-0.998937322598163,-0.09208068606069679,0.039812582660412016
-0.05396821394120191,-0.998542654013336,0.10777912716241454,0.11677424237201939
-0.15348543725563918,-0.9881509098060098,0.3033335489322662,-0.02631000751302892
-0.25146601562353377,-0.9678661286492182,0.48677087805678665,0.10300154400534547
-0.3469290002115602,-0.9378913949984866,0.6507634479477008,-0.037852764792137644
-0.43891864749465204,-0.8985268058780801,0.7887603407473937,-0.13499396370936928
-0.5265139878410365,-0.8501664664098019,0.8952490731162948,-0.0881619943793654
-0.6088380459526613,-0.7932945441641113,0.9659758002675696,0.04469426001968737
-0.6850666208490425,-0.7284804218360809,0.9981152418838578,0.12724485017224782
-0.7544365374922669,-0.6563729967759792,0.9903835419821849,0.11404706091646544
-0.8162532874406354,-0.5776941844456767,0.9430895543782408,0.21856827411066054
-0.8698979820352738,-0.4932316908421013,0.8581225050787801,0.2321373841745789
-0.9148335485067289,-0.40383112624782436,0.7388765244455322,-0.12823954240297628
-0.9506101069681984,-0.3103875392632745,0.5901150638013142,-0.06601590842430638
-0.9768694744627348,-0.2138364558790216,0.41778061255102705,0.08214566989988854
-0.9933487509714086,-0.11514451330194628,0.22875731693939824,-0.03306847269674674
-0.9998829514805121,-0.015299782306300332,0.030595982978865777,0.10572881848612813
-0.9964066577564215,0.08469812500095598,-0.1687875513008763,0.07992897938097268
-0.9829546732911129,0.18384806296276796,-0.36142862532954295,-0.145075904045768
-0.9596616748612182,0.28115737550802744,-0.5396319157592357,0.0014100708748627621
-0.9267608641891099,0.37565183429267873,-0.6962788371666145,-0.14248219072339363
-0.8845816332051267,0.4663853923485924,-0.8251119041334635,0.2152597328681478
-0.8335462662855554,0.5524496555899098,-0.9209846954554206,0.010186115961601095
-0.7741657124824631,0.6329829773513032,-0.9800674353008849,-0.17310605077071
-0.7070344700724025,0.7071790849066714,-0.9999999790865497,0.03903772639376887
-0.6328246346381796,0.7742951516024459,-0.9799860928298634,0.037512036940534024
-0.5522791702723021,0.8336592337900046,-0.9208252598547737,0.03086518176526719
-0.46620447126857284,0.8846769981011093,-0.824880744286392,0.0012417749767992012
-0.3754622887716879,0.9268376717151313,-0.6959851870839711,0.043041597013358156
-0.2809611032125292,0.9597191560459751,-0.5392875057137491,0.0391439286565242
-0.18364702890544635,0.9829922526521774,-0.3610472132732885,-0.06163629942627601
-0.08449434186766441,0.9964239590617792,-0.16838437328419525,-0.2322477023891096
0.015504274306874285,0.9998798015152709,0.031004821433191544,0.05913876660376292
0.11534766686417959,0.993325181271969,0.2291554841943198,-0.0663269940455528
0.21403623709728542,0.976825721001057,0.4181522032458179,0.08189266296004319
0.3105819479947217,0.950546607789331,0.5904452342139701,-0.0253080383703018
0.404018216137152,0.9147509393432474,0.7391520854464859,-0.06530240650839679
0.4934095888078097,0.8697970899425382,0.8583324489895547,0.04735190149006146
0.5778611094327362,0.8161351225165888,0.9432254946889161,0.05084534865468082
0.6565272775871582,0.7543022827646716,0.9904400483625372,0.13924398255083156
0.728620513863415,0.6849176204314015,0.9980900571056701,0.03935271306840585
0.7934190448530015,0.6086757915874023,0.9658699303728429,0.14870637287640362
0.8502741293009239,0.5263401039646851,0.8950667472294609,0.007085582049176759
0.8986165530865186,0.43873487497451563,0.7885088421368881,-0.05564490869863651
0.9379623280051586,0.3467371789167459,0.6504528230853841,-0.06270300560814426
0.9679175372965464,0.2512680660047929,0.4864135352972503,-0.19169609144491942
0.9881822794077836,0.1532833411184561,0.3029437628433536,0.055870595392358904
0.998553670507577,0.05376399460461892,0.10737246830718358,-0.12547405250577032
0.9989278756914097,-0.04629361907053555,-0.0924879731123948,0.005531808713385521
0.9893011485419341,-0.1458877564897412,-0.288653850107014,-0.116266076900437
0.969769868636852,-0.2440213144052443,-0.4732890360307313,0.025449273602716017
0.9405295766287635,-0.3397118124035711,-0.6390180141914411,-0.016418216239914726
0.9018730165574489,-0.4320012291713616,-0.7792205034186035,0.045334663924057335
0.8541872049942945,-0.51996559388486,-0.8882959146674139,0.11159338579017537
0.7979495563616091,-0.6027242366972737,-0.9618870745619582,-0.19118556940916356
0.7337231032188463,-0.6794486057112094,-0.9970542789202935,0.055590344892609
0.6621508593686235,-0.7493705621636023,-0.9923927234443555,0.08579346883212831
0.583949382217244,-0.8117900707745194,-0.9480886206377468,-0.029915278742860346
0.49990159884121393,-0.8660822082666274,-0.8659117612808327,0.00013357000109112842
0.4108489675827849,-0.9117034198883754,-0.7491448176056669,0.006536554925719646
0.3176830536500077,-0.9481969613026644,-0.602452212256577,0.10171714466926583
0.2213366030635773,-0.9751974713586354,-0.4316937912534211,-0.04415739986484485
0.12277420431513271,-0.9924346299655135,-0.24369074405759822,-0.08928427894964439
0.02298263122937022,-0.9997358644470925,-0.04595312139872635,0.24552133694739228
-0.0770390362859898,-0.9970280772817411,0.15362016444771745,-0.12730007198943602
-0.1762894146946301,-0.9843383779303866,0.347056873013619,0.08983446985270074
-0.2737748423492241,-0.961793811425639,0.5266298981910272,0.048334888426959585
-0.3685193277000491,-0.9296200864393496,0.6851659385421812,0.03324436933566167
-0.45957432059648295,-0.888139315562756,0.8163320450895583,-0.11182198162393893
-0.546028208854376,-0.8377667904227775,0.9148886000244572,-0.00942233128682966
-0.6270154450128367,-0.7790068239209169,0.9768986207376206,0.03216191952052296
-0.7017252119063897,-0.7124477012208914,0.9998850282229005,-0.09187241640136724
-0.7694095402956919,-0.6387557900340101,0.9829295975425582,0.10433394928958956
-0.829390797285797,-0.5586688691681594,0.9267096376362687,0.0681914385248371
-0.8810684705604286,-0.472988742132735,0.8334709352463798,-0.07268393873109291
-0.9239251805107692,-0.3825732097496404,0.7069380437530418,-0.07081008442008946
-0.957531860067342,-0.2883274821378918,0.5521655005600575,-0.09423810925001466
-0.981552050376238,-0.19119511605217102,0.37533591636586244,-0.08722102177280057
-0.9957452693128133,-0.09214856830766602,0.1835130019326142,-0.06229248760891627
-0.9999694191084199,0.00782054013284346,-0.01564060194750712,-0.011734273394726887
-0.9941822089858151,0.1077113519369473,-0.21416941960304567,0.023599725112852684
-0.9784415785603044,0.20652379365201448,-0.4041429333422792,0.08617637048294247
-0.9529051177676575,0.30326858810666035,-0.5779723793300164,-0.04058764060198814
-0.9178284891262943,0.3969771587234507,-0.7287138916175878,-0.20647800206244568
-0.8735628681295213,0.4867113265841719,-0.8503458848039868,-0.01771946245681519
-0.8205514273937538,0.5715727031638872,-0.9380095948808681,-0.05563968598509118
-0.7593248997622639,0.6507116846968617,-0.9882031695131567,0.030272650957464266
-0.6904962647851739,0.7233359581257682,-0.9989215545412958,-0.014447679338877185
-0.614754611772884,0.7887184334754518,-0.9697365887386374,-0.04770025604064407
-0.5328582408639951,0.8462045232349733,-0.9018141073242871,-0.04497316120114338
-0.44562707117752914,0.8952186958691921,-0.7978673710071108,0.2779568196993415
-0.3539344320564935,0.935270237848317,-0.6620486809043713,-0.014377140069267606
-0.2586983195861184,0.9659581665079078,-0.49978350893216716,-0.0811950187398367
-0.16087220592358462,0.9869752445534182,-0.31755376956655557,0.10758756030647008
-0.06143549345316573,0.9981110560173984,-0.12263889049497842,-0.021510568291316097
0.03861629066340501,0.9992541128738974,0.07717497453868268,0.16556833100859314
0.13828146137245545,0.9903929712193528,0.27390597478644074,-0.05079240544636371
0.2365622042646531,0.9716163458451329,0.4596954089453842,0.003988869558095452
0.332474565359685,0.9431122220546655,0.6271216522260631,0.17345378050726962
0.42505830212495055,0.905165973617355,0.7694966237741415,-0.1701268486384979
0.5133864971031574,0.858157505701692,0.8811329516299491,0.016557892320997074
0.5965748379003917,0.8025574513915633,0.9575711629393469,0.01222959920467346
0.6737904706265188,0.7389224598649675,0.9957578239778425,-0.02318803300655134
0.7442603381502289,0.6678896234083198,0.9941675139298098,-0.05359632094473965
0.8072789196888985,0.5901700990612156,0.9528637600056568,-0.15690472691675206
0.8622152942470824,0.5065419887496168,0.8734964997565063,0.15550890877663337
0.9085194571868452,0.4178425491891891,0.7592361719578598,-0.1428316161277304
0.94572782669054,0.3249598095506396,0.6146470688961961,-0.014556884081552784
0.9734678849871699,0.22882368080818574,0.44550500918264757,-0.20876368011066948
0.991461907875921,0.13039664578139465,0.25856661441408446,0.09012287594294356
0.9995297452081263,0.03066412307858148,0.06129940625553034,-0.06194920359818663
0.9975906244903957,-0.06937539858524963,-0.1384164943978586,-0.10618289308197129
0.9856639595518522,-0.16872035692400875,-0.3326031501254404,0.08224687127775962
0.9638691561793545,-0.26637614338769056,-0.5135034971068079,0.005045672054688442
0.9324244166666318,-0.3613650608510615,-0.6738912121355058,-0.07059763398913153
0.8916445552457807,-0.4527361119908084,-0.8073593784394968,0.01696689527556058
0.8419378462722938,-0.5395745203531864,-0.9085764191391356,-0.23240646270167456
0.7838019367185426,-0.6210108887904154,-0.9734990747144623,0.030117208637444073
0.717818863898462,-0.6962299035746177,-0.9995339167921355,0.004236862565517404
0.6446492283043155,-0.7644784970466145,-0.985640946352686,-0.0237081328225369
0.5650255798951513,-0.8250733870778695,-0.9323751379794599,0.1310643479938455
0.47974508405122296,-0.8774079178629999,-0.8418642706047871,-0.027162704426991004
0.389661540620388,-0.9209581335551282,-0.7177239303359367,-0.10240599994669604
0.29567683595912897,-0.9552880239368641,-0.564913080694601,-0.13149019075037166
0.1987319135475071,-0.9800538896090083,-0.38953596972335097,0.147631596378787
0.09979735357723594,-0.9950077829941733,-0.1985982870631424,-0.1208514996158703
-0.00013634417310600844,-0.9999999907051332,0.000272688343677415,0.018172509145936513
-0.10006867689111434,-0.9949805324252639,0.19913277082442532,0.01031080259273776
-0.19899915543063257,-0.9799996612947858,0.3900382098399367,-0.0009876839349198076
-0.29593732087500396,-0.955207360793103,0.5653630144663881,0.10585749758670729
-0.38991266068101493,-0.9208518431542891,0.7181035845146111,0.03946308286379283
-0.479984325126408,-0.8772770643490837,0.8421584793609429,-0.02206500468097454
-0.565250546783136,-0.8249192805125637,0.9325721487233556,0.04336863649041844
-0.6448576687117373,-0.7643026802933922,0.9857328892082583,0.015324728803559038
-0.7180086909895637,-0.696034136852104,0.99951711897046,-0.10722837462594484
-0.7839712500078743,-0.6207971320496667,0.9733742072285612,0.09894249656076233
-0.842084950651739,-0.539344913655314,0.9083484699994031,-0.04739324217158892
-0.891767977955413,-0.45249295408140205,0.8070374534004872,0.08558682720385158
-0.9325229220394953,-0.36111078614591596,0.6734881709535376,0.0024222058185904313
-0.9639417580125484,-0.26611329760024727,0.5130354398385975,-0.01931932554918008
-0.9857099309800657,-0.16845157157852308,0.3320887739882991,0.10233155816788725
-0.9976095052630402,-0.06910336467084888,0.137876346882594,-0.06639667419679435
-0.9995213462972105,0.03093668204918284,-0.06184374818353594,-0.03213508878055498
-0.9914263133685365,0.13066700103879478,-0.2590934062376301,-0.11911003708240167
-0.973405451243639,0.22908912564582354,-0.445993207448567,0.0065104826125240225
-0.9456391787766532,0.3252176864234436,-0.6150771718262164,-0.22513972654072378
-0.9084054826159167,0.4180902763200112,-0.7595909984750037,-0.11690203708461949
-0.8620771340944585,0.5067770859771432,-0.8737618758078334,-0.16022687746751385
-0.8071179571678933,0.5903902126705073,-0.953029084765076,-0.027341374135050625
-0.7440781847638547,0.6680925496954198,-0.9942261832632466,-0.06917834533427623
-0.6735889500336563,0.7391061671996497,-0.995707494254824,-0.05474646004883921
-0.5963559676579254,0.8027201005573359,-0.9574138446526747,0.09010905680584358
-0.5131524684668708,0.8582974683094184,-0.8808749290836877,0.09955104078238791
-0.42481145811140403,0.9052818484081423,-0.7691482040481001,-0.06644661750673045
-0.33221737728871714,0.9432028489288008,-0.6266967534447444,-0.019081593294852036
-0.2362972470173511,0.9716808174766143,-0.4592110042985862,-0.10799679048116438
-0.13801138761230583,0.9904306421397339,-0.2733814145109036,-0.09699806637533104
-0.038343804278712375,0.9992646059345024,-0.0766312129451944,-0.14196488122474352
0.06170766441970541,0.998094266165208,0.12318013207150959,0.20117986948595812
0.1611413365871366,0.9869313398828264,0.3180708704569046,-0.11813100520814564
0.25896171550034636,0.9658875865778159,0.5002558128013609,-0.12350311728642459
0.35418945618945624,0.9351736892814175,0.6624573208985456,-0.13935222316786358
0.44587117031276413,0.8950971452774977,0.7981960234169846,-0.118728359118693
0.5330889711624691,0.8460591875424203,0.9020496436590866,-0.08137386878496669
0.6149696632398931,0.788550767734464,0.9698696001624452,0.015876281174891378
0.6906934843972395,0.7231476409497583,0.9989467277224647,0.15654564358779388
0.759502313022485,0.6505046014545135,0.9881194988729453,0.043963173159650815
0.8207072580998102,0.5713489271034747,0.9378204227627222,0.09423004380516432
0.873695556156418,0.4864730980768896,0.8500587679588477,-0.14384785653834478
0.917936706045813,0.3967268628335651,0.7283402993386638,0.1285822496644147
0.9529877801481353,0.30300873071304324,0.5775272352954541,-0.10688784629080972
0.9784978588135903,0.20625697636012022,0.40364401946748585,-0.05245214735677633
0.9942115436528061,0.10744024603240766,0.21363666571663464,-0.1561718533360433
0.9999715145002253,0.007547859837448098,0.015095289665776798,-0.22757888743511212
0.9957201044510702,-0.09242009300985198,-0.18404908933029487,0.005461749498801097
0.981499877203139,-0.19146276674649573,-0.3758413641013176,0.15340672346766712
0.9574532009232749,-0.2885885791949766,-0.5526201178002604,0.1696539305630026
0.9238208229048187,-0.38282513915293426,-0.707323670161831,0.0019129614417647493
0.8809394592860988,-0.47322898164917543,-0.8337721664250718,-0.07139437012807187
0.8292384239608875,-0.5588950135999277,-0.9269144404744056,0.1538059970838377
0.7692353304310519,-0.6389655752985685,-0.9830297908977229,-0.013711754954592675
0.7015309096330126,-0.712639027018222,-0.9998766097281565,-0.0027085792914511024
0.6268029956202027,-0.7791777747610236,-0.9767819266817863,-0.06331089148013996
0.5457997393148639,-0.8379156548029322,-0.9146682919185678,0.03793069451010179
0.4593321182708327,-0.888264603102493,-0.8160169234561374,0.08301979721141614
0.3682658174370699,-0.9297205428016564,-0.6847685913657766,0.08662941110229982
0.2735125622090177,-0.9618684308749604,-0.5261661980731555,0.03514891905850228
0.1760209905383807,-0.9843864134017125,-0.3465453431189867,0.05702792523380587
0.07676715548671857,-0.9970490478599725,-0.15308123856990244,0.03854967509972843
-0.02325524669188633,-0.9997295601818023,0.046497915094397664,0.011861881162017734
-0.12304482510591368,-0.992401113972901,0.24421964300741908,0.07007003630659824
-0.22160251981763046,-0.975137079189627,0.4321856678320511,0.22675177252840065
-0.3179416040975854,-0.9481102975834903,0.6028874177502677,0.14495432416051196
-0.4110975632031401,-0.9115913522672536,0.7495059671082467,0.16704386398563748
-0.5001377507780057,-0.8659458587271592,0.8661844281586604,-0.0870337252490686
-0.5841707261961362,-0.8116308044027647,0.9482619128222346,-0.003852972957932161
-0.6623551793676098,-0.7491899734812937,0.9924597185312339,0.014709356057229579
-0.7339083536543224,-0.6792485027119325,0.9970123006949557,0.07943606762912025
-0.7981138825680734,-0.6025066227454398,0.9617377999046809,-0.010693211134647738
-0.8543289617926387,-0.5197326476586899,0.8880453065679758,0.0029125321151136697
-0.9019907847259432,-0.43175528285068726,0.7788785727761262,0.15474309978038936
-0.9406221771118294,-0.33945532832082975,0.6385984199146992,0.21569911809390524
-0.969836374349374,-0.24375686039342812,0.47280853941349754,-0.15015113253464976
-0.9893408936509256,-0.14561798017411107,0.28813164527419566,0.038716880913458006
-0.9989404622821111,-0.046021221361480874,0.09194492028325013,0.02792664974438075
-0.9985389725672451,0.054036286552193065,-0.1079146761103522,-0.05814292970169869
-0.9881404440872891,0.1535528012084933,-0.30346346635401555,0.10943879655570113
-0.9678489834371485,0.25153199649284874,-0.48688997421503993,0.06117256165005302
-0.9378677419452064,0.3469929374189046,-0.6508669653760045,-0.24590104719799
-0.8984968817900606,0.43897990092205547,-0.7888441442939534,0.11801008961379032
-0.8501305708770202,0.5265719442396374,-0.8953098151285307,-0.15178345453692108
-0.7932530365606555,0.6088921250823495,-0.9660110543188885,0.03062966152141053
-0.7284337177222168,0.6851162812876292,-0.9981235997007355,0.032378963490363115
-0.6563215637376995,0.7544812820560236,-0.9903646696996672,0.05504488144683857
-0.5776385374133863,0.8162926681619307,-0.9430442058766568,-0.037403464303353166
-0.4931723869353062,0.869931604647476,-0.8580524918689137,-0.06187415234687145
-0.40376875919743666,0.9148610763914716,-0.7387846433052319,0.09629891045323559
-0.3103227334673774,0.9506312645254916,-0.5900049850542,-0.05665999657893342
-0.21376986015160396,0.9768840498701797,-0.4176567334501616,-0.010562465640773585
-0.11507679437719362,0.9933565983048931,-0.22862458601272145,-0.07414107327705409
-0.015231618163474823,0.9998839921751536,-0.030459702353165564,0.16100905178770394
0.08476605192521394,0.9964008813931328,0.16892193770099848,-0.05629781876478547
0.1839150726067781,0.9829421377009145,0.36155574924705075,0.05037250761781545
0.2812227969936096,0.9596425055462535,0.5397466990473456,-0.030396846179120248
0.37571501264176455,0.9267352530661594,0.696376694642642,0.06613159981168396
0.46644569504064703,0.8845498366842014,0.8251889267405066,-0.04504129289274575
0.5525064788945164,0.8335086027028055,0.9210378064152309,-0.010723839305483956
0.6330357523725103,0.7741225589131024,0.9800945130201776,0.050738558167660874
0.7072272832785892,0.706986258555558,0.9999999419070827,-0.15283960580380201
0.7743382907790689,0.6327718478514591,0.9799589422368239,0.02245109816938157
0.8336968818763013,0.5522223366993881,0.9207720804174497,0.03388457255809873
0.8847087781770112,0.46614415990821956,0.8248036603335007,0.0077560720043098365
0.9268632656091301,0.37539910344109634,0.6958872778443084,0.005797980764989628
0.9597383075205504,0.2808956765021306,0.5391726823119894,-0.035835949315102686
0.9830047699691608,0.18358001584561823,0.36092006249451364,0.03411678891386725
0.9964297169019725,0.084426413370785,0.16824997434820047,0.09542509575010442
0.999878742233101,-0.015572438163376636,-0.03114109976859954,-0.24225628505245536
0.9933173154726153,-0.11541538364653459,-0.22928819809603546,-0.00911901381300712
0.976811127434276,-0.21410282884767984,-0.41827605126713985,-0.4047109454134481
0.9505254325610402,-0.3106467480187867,-0.5905552690684752,-0.09823890749810352
0.9147233944527617,-0.4040805756786844,-0.7392439116344647,0.05625419900853305
0.8697634511601038,-0.49346888354390256,-0.8584023983825362,0.04496900319409156
0.8160957266224625,-0.5779167457242911,-0.9432707730583086,0.061497958059744944
0.7542575241773907,-0.6565786984222021,-0.9904588469990874,0.06768509886141864
0.6848679472589961,-0.7286672044337175,-0.9980816250709427,0.08660782191265938
0.6086217011410879,-0.7934605377081637,-0.9658346044965301,0.210671263195622
0.5262821377799486,-0.850310009028335,-0.895005938654239,-0.12129601889700443
0.43867361338944283,-0.8986464604703284,-0.7884249799483043,-0.036710295432814205
0.3466732352618701,-0.937985963622627,-0.6503492572785577,-0.09076622931467122
0.25120208046263504,-0.9679346645157638,-0.48629440295652493,-0.028269642376783217
0.15321597431423056,-0.98819272675675,-0.3028138228805434,-0.04038441096750872
0.053695920992274784,-0.9985573333909233,-0.10723691136003122,0.03538449355681425
-0.04636171796072237,-0.9989247174375708,0.0926237320276699,-0.03113098018319805
-0.1459551988744215,-0.9892912007702929,0.2887843879062867,-0.02246565056333165
-0.24408742507378273,-0.9697532309411765,0.4734091381948261,-0.07358248368519903
-0.33977592947802965,-0.9405064155801071,0.6391228830675617,0.1942537416747647
-0.4320627107330005,-0.901843564036497,0.7793059498694387,-0.012263827729267958
-0.5200238244008138,-0.8541517558698521,0.8883585254122216,-0.12153823366677297
-0.6027786331830609,-0.7979084655384732,0.9619243485249489,-0.10200054945306099
-0.679498623567378,-0.7336767820846171,0.997064727139681,-0.04914099603201147
-0.7494157006280784,-0.6620997716750296,0.992375928551066,0.09856602894409837
-0.8118298779360688,-0.5838940394372147,0.9480452535278244,-0.05531469748962732
-0.8661162855892411,-0.49984255504818303,0.8658435543155363,0.0717701005496566
-0.9117314262012784,-0.4107868139034926,0.749054495409821,0.003011181591997638
-0.9482186162160035,-0.31761841234633686,0.6023433828795349,0.03355343314124933
-0.9752125580706493,-0.2212701213026755,0.43157080204036996,-0.02920399821690672
-0.9924429974330792,-0.1227065476901908,0.24355850798863612,0.07933639772069405
-0.9997374288979185,-0.022914477095925496,0.04581692083284159,-0.11566612841161249
-0.9970228230530687,0.07710700559151108,-0.15375488878403426,-0.09687219048367371
-0.9843263576257982,0.1763565186862371,-0.34718473936397964,0.037953907678106254
-0.9617751453884108,0.2738404092041599,-0.5267457987511054,0.03529641043219463
-0.929594961547613,0.36858270098485596,-0.685265243498265,-0.09231508093978141
-0.8881079833585379,0.45963486583899477,-0.8164107875630837,0.0606094773451819
-0.8377295645936439,0.5460853198958417,-0.9149436345346486,0.040782983333904954
-0.7789640771594389,0.6270685500765796,-0.9769277488522204,0.18107552372081404
-0.7123998614933711,0.7017737793222442,-0.9998870863776926,0.009851711731356558
-0.6387033362958249,0.7694530838229077,-0.9829045035216042,-0.016685660095258677
-0.558612326568621,0.8294288809811197,-0.9266583938561422,0.13733837302350385
-0.4729286767574694,0.8811007131426172,-0.8333955887132015,-0.1848054449816372
-0.382510222953128,0.9239512591778574,-0.7068416042918912,-0.23425007160354783
-0.28826220452290696,0.9575515137284228,-0.5520518205832033,-0.07322622159316687
-0.1911282011563977,0.9815650822654195,-0.37520953698264226,-0.11805137240488227
-0.09208068606069679,0.9957515489591724,-0.18337897154832425,0.15224123624315522
0.007888710116618965,0.9999688836422344,0.01577692929738533,-0.09244691960453566
0.10777912716241454,0.9941748637679931,0.21430259812745345,-0.014343643145561686
0.20659049557624737,0.9784274971287145,0.4042676430344969,0.17351908950538192
0.3033335489322662,0.9528844411008905,0.5780836384829441,0.10562237009436491
0.3970397280843351,0.9178014242322339,0.7288072558251635,-0.17079462653654767
0.48677087805678665,0.8735296859728493,0.8504176244993461,-0.04883526375582495
0.5716286405387736,0.8205124601831427,0.9380568443192292,0.08093447883811714
0.6507634479477008,0.7592805376244146,0.9882240412480959,0.055836946312700086
0.7233830290161772,0.6904469518589973,0.9989152148214965,0.054022933479393125
0.7887603407473937,0.6147008417629307,0.969703290813278,0.1728015327158506
0.8462408473268347,0.53280055209765,0.9017551813266413,-0.05330081237804188
0.8952490731162948,0.4455660412154576,0.7977851708204707,0.07652625619406389
0.9352943641238062,0.35387067191029703,0.6619464901328105,-0.020278922290603664
0.9659758002675696,0.25863246760109004,0.49966540973227824,-0.12948225151329676
0.9869862092539391,0.16080492138780947,0.3174244795798635,0.09611420939784349
0.9981152418838578,0.061367449996948605,0.12250357439499981,-0.11399356741795692
0.9992514779987984,-0.03868441181170127,-0.07731091135671332,0.0739675765390704
0.9903835419821849,-0.13834897820664085,-0.2740371021318182,0.08982811746562003
0.9716002166482699,-0.23662844082872875,-0.4598164887486702,0.028100420578880205
0.9430895543782408,-0.3325388585152888,-0.627227847781265,-0.06863333420999108
0.9051369944025757,-0.42512000819047707,-0.7695836929478539,0.056416437148673115
0.8581225050787801,-0.5134449982980834,-0.8811974163194427,-0.11143556260408548
0.802516779775068,-0.5966295485302879,-0.9576104480103587,-0.09722981546675495
0.7388765244455322,-0.6738408429468276,-0.9957703601319989,-0.005410839716332212
0.6678388840760253,-0.7443058678500993,-0.9941528003924954,-0.014696506903376181
0.5901150638013142,-0.8073191509401787,-0.9528223845301728,0.089813726457371
0.5064832085567533,-0.8622498242679184,-0.8734301151454241,0.015482208838547347
0.41778061255102705,-0.9085479402741985,-0.7591474300394573,0.05985239289095049
0.32489533655611846,-0.9457499776812509,-0.614539514593383,-0.1048039122435627
0.22875731693939824,-0.973483482112916,-0.4453829389059465,-0.05129450351597664
0.13032905545123502,-0.9914707949834874,-0.25843490443536604,-0.19194535413915662
0.030595982978865777,-0.9995318333227599,-0.061163317918355324,-0.021225045594914737
-0.06944340625859612,-0.9975858927065898,0.13855152485013597,0.2636266411223551
-0.1687875513008763,-0.9856524552426448,0.3327317287082052,0.0013145493136162147
-0.2664418517404083,-0.9638509945220488,0.5136204875645773,0.060848124818924244
-0.36142862532954295,-0.9323997794896762,0.6739919411170453,0.06822586999636862
-0.45279689620872027,-0.891613689208364,0.8074398221815078,0.18247881936860758
-0.5396319157592357,-0.8419010603948762,0.9086333642012382,0.08986351551019335
-0.6210643207609622,-0.7837595992890453,0.9735302463446698,-0.03308476651228958
-0.6962788371666145,-0.7177713987850919,0.9995380697950762,0.16756862209449302
-0.764522442353278,-0.6445971107119383,0.9856179148307147,-0.07232962194390194
-0.8251119041334635,-0.564969331607699,0.9323258419596774,-0.11449366799927874
-0.8774406210476252,-0.4796852682077673,0.8417906792872402,0.02318258325776521
-0.9209846954554206,-0.3895987560771801,0.7176289834311048,-0.03244498523765487
-0.955308178623947,-0.2956117112940507,0.5648005709924551,-0.1962759861502695
-0.9800674353008849,-0.1986651007669592,0.38941039158493107,0.05542832321439433
-0.9950145840758995,-0.09972952158846729,0.19846465688687445,0.03954579772861125
-0.9999999790865497,0.00020451625887405502,-0.00040903250919382885,-0.09037012990923339
-0.9949737082226922,0.10013650655772283,-0.19926638251640685,-0.0503836043082899
-0.9799860928298634,0.1990659635901088,-0.39016375174816514,-0.18573828814975815
-0.9551871839087697,0.2960024386663636,-0.5654754716397041,0.03067918745018319
-0.9208252598547737,0.3899754361666748,-0.7181984646903142,-0.016625255572448032
-0.8772443407775044,0.4800441298191673,-0.8422319924146524,0.04523640363159228
-0.824880744286392,0.5653067819383807,-0.9326213580709533,-0.006066008649571932
-0.7642587172244568,0.6449097713218709,-0.9857558291119416,-0.008592919643768314
-0.6959851870839711,0.7180561394206514,-0.9995128730629522,-0.016721150562444876
-0.6207436856510696,0.7840135692220678,-0.9733429451187129,0.06591346446637182
-0.5392875057137491,0.842121716963197,-0.9082914404969246,-0.026123070933236067
-0.45243215934601066,0.8917988232721019,-0.8069569346304571,0.038497775203434476
-0.3610472132732885,0.9325475375484042,-0.6733873793534374,0.12295702396151248
-0.2660475830607565,0.9639598972714218,-0.5129184016731135,-0.3625339574271845
-0.16838437328419525,0.9857214123847005,-0.3319601645144191,-0.0007832107686841443
-0.06903535538856821,0.9976142138654471,-0.1377413035897765,-0.13439615773773572
0.031004821433191544,0.9995192349564346,0.06197983079772894,-0.036436363123616394
0.1307345883357717,0.9914174032226164,0.2592250921584571,0.041623029719405305
0.2291554841943198,0.9733898314979806,0.4461152362934941,-0.0779074520003391
0.32528215186382314,0.9456170058109366,0.6151846689784134,-0.027058388488260518
0.4181522032458179,0.9083769784184691,0.7596796698069235,-0.09053641831536009
0.5068358543966742,0.8620425840397868,0.8738281792162446,-0.029558595704048243
0.5904452342139701,0.8070777071596081,0.9530703716654576,-0.028265851568914896
0.6681432735054937,0.7440326377715988,0.9942408043912863,0.009454306902906828
0.7391520854464859,0.6735385620587071,0.9956948655486414,-0.06757208566305058
0.8027607535227799,0.5963012431678629,0.9573744705840083,-0.026399955278658967
0.8583324489895547,0.5130939553450161,0.8808103825060498,-0.09203052860859588
0.905310806588082,0.4247497421715946,0.7690610633668926,-0.06888951348407357
0.9432254946889161,0.3321530764103344,0.6265904996191659,-0.042593882976423074
0.9716969240951149,0.2362310049593253,0.4590898817897483,-0.014134930551273146
0.9904400483625372,0.13794386756798885,0.27325026173070865,0.030513576434687075
0.9992672175896443,0.03827568223625592,0.07649526897913765,0.010106956981252281
0.9980900571056701,-0.06177570644517346,-0.12331543674721258,0.01187803315296292
0.9869203522483082,-0.16120861738156353,-0.3182001309033508,0.04999195524592079
0.9658699303728429,-0.25902756147089834,-0.5003738655250876,0.24140619662994248
0.9351495412740217,-0.3542532081082496,-0.6625594501145602,0.024321445411178748
0.8950667472294609,-0.4459321899168888,-0.79827814942764,0.02480841389447666
0.8460228437888552,-0.5331466475440114,-0.9021084858233579,-0.052979978264487665
0.7885088421368881,-0.6150234189621921,-0.9699028079458969,0.11971024667115344
0.7231005532532635,-0.6907427812759424,-0.9989529745926637,-0.1861060157959571
0.6504528230853841,-0.7595466575137133,-0.9880985352897242,0.04507511240947739
0.5712929764494636,-0.8207462062413158,-0.9377730861464135,0.15752556374550786
0.4864135352972503,-0.873728718012422,-0.8499869492383131,0.20864531722169902
0.39666428425097067,-0.9179637496108792,-0.7282468674154734,-0.10736540514906448
0.3029437628433536,-0.9530084346711262,-0.5774159224414503,0.011305761619868647
0.20619026963996642,-0.9785119175083143,-0.40351927223391976,-0.2067399037836533
0.10737246830718358,-0.9942188657683089,-0.21350346731022354,0.05054969291837096
0.00747968967512066,-0.9999720267299301,-0.014958960887482676,-0.19571211611863085
-0.0924879731123948,-0.9957138016667041,0.18418310263238113,-0.036945377161413225
-0.19152967719631944,-0.9814868225060761,0.37596770857406003,0.006097104855913327
-0.288653850107014,-0.9574335250127801,0.5527337464329378,-0.1426675157113289
-0.38288811705659537,-0.9237947227695419,0.7074200438960989,-0.062026210018996455
-0.4732890360307313,-0.8809071962318737,0.8338474354742358,-0.016615347475862484
-0.5589515432149508,-0.8292003209946467,0.9269655981085805,0.17395983468948795
-0.6390180141914411,-0.7691917690269621,0.9830547935520219,-0.0411303211397609
-0.7126868501882481,-0.7014823259133147,0.9998744586357725,0.0785632418754702
-0.7792205034186035,-0.6267498759888654,0.9767527077711822,0.060490852981256574
-0.8379528611630054,-0.5457426155879098,0.9146131723809423,0.13975712376250868
-0.8882959146674139,-0.45927156235192956,0.8159381051202792,-0.026483685425642972
-0.9297456460904858,-0.36820243559186977,0.6846692227429069,0.047515204059386085
-0.9618870745619582,-0.2734469889953774,0.5260502485850789,-0.06620675170205921
-0.9843984108325061,-0.17595388245343282,0.3464174445339377,-0.1572499733638787
-0.9970542789202935,-0.0766991843941872,0.15294649997984192,0.04308407449162463
-0.9997279725000202,0.0233234002881053,-0.04663411136366779,-0.026118851876626506
-0.9923927234443555,0.12311247887478662,-0.2443518564010704,0.06774319675451022
-0.9751219698174899,0.2216689964322001,-0.432308616896866,0.0642735434597336
-0.9480886206377468,0.31800623801619804,-0.6029961911099522,-0.17700961792660241
-0.9115633247702508,0.41115970733257157,-0.7495962196552847,-0.028451067100093083
-0.8659117612808327,0.5001967829519959,-0.8662525546259383,-0.022511507431431974
-0.8115909783793682,0.5842260554042585,-0.9483051918005225,-0.029113302265272922
-0.7491448176056669,0.6624062516723195,-0.9924764211798262,0.0918503645395607
-0.6791984690696226,0.7339546577367576,-0.9970017598026492,-0.08006119926912168
-0.602452212256577,0.7981549548472128,-0.9617004365425036,-0.04153158064537488
-0.519674405062909,0.8543643910665469,-0.8879826132688845,-0.14720720897225023
-0.4316937912534211,0.9020202162885528,-0.7787930539136727,0.06011680114033661
-0.33939120335540435,0.9406453163041693,-0.6384934916621937,-0.04524943125285316
-0.24369074405759822,0.9698529895095722,-0.47268839328014717,-0.054695494104099296
-0.14555053440253998,0.9893508184335499,-0.288001080669187,0.011415246278455245
-0.04595312139872635,0.9989435973235496,-0.09180915279657897,0.06179436447000756
0.054104358912057726,0.9985352864805106,0.10805022305219185,0.027928029688143875
0.15362016444771745,0.9881299737762518,0.3035933781344531,-0.15694634661190454
0.2515979761931889,0.9678318337270644,0.4870090613221444,-0.050929159472745004
0.347056873013619,0.9378440845332494,0.6509704707048592,0.007799785856492856
0.4390411523093322,0.898466953526335,0.7889279331761151,0.07311409035344178
0.5266298981910272,0.850094671393315,0.8953705404971924,0.029207720965231044
0.6089462013822547,0.7932115252706068,0.9660462904123209,-0.02939139932876031
0.6851659385421812,0.7283870102230078,0.9981319389627609,0.15436414446952088
0.7545260231133812,0.6562701276492062,0.9903457790065331,-0.14853965091039226
0.8163320450895583,0.5775828876965622,0.9429988398441345,-0.17288171633659286
0.8699652232167308,0.493113080736522,0.8579824627080764,-0.14969443803360288
0.9148886000244572,0.4037063902705638,0.7386927484311266,0.31468322369071267
0.9506524176647906,0.31025792622927273,0.5898948953390445,-0.1914255077094552
0.9768986207376206,0.2137032634307086,0.41753284658517514,0.26181629970028797
0.9933644410218194,0.1150090749176257,0.22849185083596765,-0.014716693657729844
0.9998850282229005,0.015163453949864934,0.0303234211612347,0.020560388169085186
0.9963951003991368,-0.08483397845553438,-0.1690563209609208,-0.01974531333622534
0.9829295975425582,-0.18398208139605526,-0.36168286644333353,0.05783979019455309
0.9596233317714123,-0.28128821717223434,-0.53986147230172,0.1453673591733079
0.9267096376362687,-0.3757781892447398,-0.6964745391732121,0.07150862002080385
0.8845180360523864,-0.46650599556493266,-0.8252659340075152,0.13643673331114828
0.8334709352463798,-0.5525632996313861,-0.9210909002531938,0.1440792660036056
0.7740794017460543,-0.6330885244517316,-0.9801215725197774,-0.028732841790260373
0.7069380437530418,-0.7072754783637154,-0.9999998861378834,-0.02786805842426135
0.6327190581239682,-0.7743814263570109,-0.979931773426606,0.13074908012297246
0.5521655005600575,-0.8337345260880474,-0.9207188838632181,-0.08525764225780497
0.4660838463814861,-0.8847405541412913,-0.8247265610477211,0.02520077570146691
0.37533591636586244,-0.9268888551955937,-0.6957893556682867,-0.10557045744114635
0.28083024848628124,-0.9597574545348079,-0.5390578488871416,-0.09104409099368382
0.1835130019326142,-0.9830172827176948,-0.36079290500633093,0.06516156814725226
0.08435848448153238,-0.9964354701113257,-0.16811557228446944,-0.042944246701592206
-0.01564060194750712,-0.9998776783040613,0.03127737752510279,-0.1826474106067254
-0.11548309989251135,-0.9933094450568846,0.22942090773535848,-0.14597447030420138
-0.21416941960304567,-0.9767965293278302,0.4183998915128215,0.11116320964488542
-0.3107115465991484,-0.9505042529152437,0.5906652929447267,0.10404085725396549
-0.4041429333422792,-0.9146958453111602,0.739335724080096,-0.06669749292782244
-0.4935281759866378,-0.8697298083354981,0.8584723318180529,-0.09229739686674716
-0.5779723793300164,-0.8160563269355857,0.9433160338925487,0.13748261335882714
-0.6566301162058455,-0.7542127620847435,0.9904776272232735,-0.03366322881946745
-0.7287138916175878,-0.6848182709037126,0.9980731744821437,0.014827558220150618
-0.7935020268757752,-0.6085676078662392,0.9657992606656056,0.04273482836234191
-0.8503458848039868,-0.526224169149351,0.8949451134410953,-0.09727392946062777
-0.8986763636777416,-0.4386123497656571,0.7883411031031012,0.12398159502796678
-0.9380095948808681,-0.34660928999585355,0.6502456793819117,-0.1264671762424464
-0.967951787236571,-0.2511360937530253,0.4861752615757037,0.06075862022727449
-0.9882031695131567,-0.153148606797944,0.30268387728850493,0.010455108135612606
-0.9985609916335413,-0.053627847130375335,0.1071013524193591,-0.017832091461213357
-0.9989215545412958,0.04642981663544621,-0.09275948922109448,0.22240883778587378
-0.9892812484009856,0.14602264058079173,-0.2889149203371482,-0.00814092149961897
-0.9697365887386374,0.2441535346079411,-0.4735292315583711,0.03633686777921588
-0.9404832501605074,0.3398400449734089,-0.6392277400625691,-0.09082832082826348
-0.9018141073242871,0.4321241902866568,-0.7793913818331839,0.05651554763994762
-0.8541163027757925,0.5200820524999977,-0.8884211196426876,-0.07189769344197179
-0.7978673710071108,0.6028330268674746,-0.9619616046060222,-0.16378057080346148
-0.7336304575406691,0.6795486382656274,-0.9970751568239017,-0.04023213132653588
-0.6620486809043713,0.7494608356096949,-0.9923591152097725,0.08445404350827375
-0.583838693943571,0.8118696813246971,-0.9480018687939888,0.0630104564703116
-0.49978350893216716,0.866150358886637,-0.8657753312544388,0.044648950218344925
-0.4107246583150894,0.9117594282769731,-0.7489641592892423,0.004415252739418281
-0.31755376956655557,0.9482402667225596,-0.6022345423050897,-0.034346449235645796
-0.22120363851342867,0.9752276402504293,-0.4314478048045199,-0.08012153254116972
-0.12263889049497842,0.992451360288332,-0.24342626739198628,-0.014379262815707708
-0.02284632285598016,0.9997389887025316,-0.04568071941521827,-0.24611595700668765
0.07717497453868268,0.9970175641907988,0.15388961026208864,-0.057861945199734754
0.17642362185824592,0.9843143327466174,0.34731259926028174,-0.06147236966139126
0.27390597478644074,0.9617564748813965,0.5268616895191195,-0.12993255169736323
0.3686460725567059,0.9295698323356433,0.685364535715461,0.0036881054813062033
0.4596954089453842,0.888076647026897,0.8164895148597502,0.03026430364687151
0.5461424283994184,0.8376923348712141,0.9149986520362872,0.07616859776431709
0.6271216522260631,0.7789213267777773,0.9769568588059938,0.07076195128668357
0.7018223434766567,0.712352018455015,0.9998891259448504,0.14399889748830297
0.7694966237741415,0.6386508795893086,0.9828793912287174,-0.1420750210803232
0.8294669608217308,0.5585557813729631,0.9266071328496776,-0.02471524797854556
0.8811329516299491,0.4728686091842993,0.8333202266874212,0.11882344608922363
0.9239773335509464,0.38244723437891825,0.7067451516907334,0.20526254969749363
0.9575711629393469,0.2881969255682427,0.5519381303438529,0.009394712863722194
0.9815781095928439,0.19106128537236183,0.3750831506243636,-0.030339757482676435
0.9957578239778425,0.09201280338578868,0.18324493775506803,-0.0048747662709262615
0.9999683435287595,-0.007956880063739319,-0.015913256353988835,0.0695399764405965
0.9941675139298098,-0.1078469018869855,-0.21443577266803304,-0.013144299742778707
0.9784134111499465,-0.20665719654037162,-0.4043923452114998,0.09395746834867134
0.9528637600056568,-0.3033985083481497,-0.578194886889451,-0.015652255424730945
0.9177743550727497,-0.3971022956000104,-0.7289006064844161,0.020685721811255133
0.8734964997565063,-0.4868304272671662,-0.8504893483856684,-0.039970576675255214
0.8204734891592507,-0.5716845752570598,-0.9381040763193683,-0.08924853077940242
0.7592361719578598,-0.6508152081741602,-0.9882448946122137,0.02755651791217653
0.6903976357240095,-0.7234300965447167,-0.9989088565321286,-0.13775152658097453
0.6146470688961961,-0.7888022443536243,-0.9696699748613927,0.010661502530579568
0.5327428608551438,-0.8462771674858519,-0.901696238565601,-0.2648809026724909
0.44550500918264757,-0.8952794462027869,-0.7977029558032167,-0.03619625368984175
0.3538069101195034,-0.9353184860525796,-0.66184428705583,0.023051106934926402
0.25856661441408446,-0.9659934295379231,-0.4995473012437423,0.05787643769871238
0.16073763610469713,-0.9869971693675083,-0.31729518369232135,0.12820737234048038
0.06129940625553034,-0.9981194231116431,-0.1223682560177124,0.060861812970045774
-0.03875253278022141,-0.9992488384797443,0.0774468467375689,0.059602489962368624
-0.1384164943978586,-0.9903741081422753,0.274168224382919,0.03661206912820174
-0.23669467629309637,-0.971584082935958,0.45993756000410285,0.11866053775176165
-0.3326031501254404,-0.9430668823188703,0.6273340316764683,0.026568613890437257
-0.42518171228029317,-0.9051080109812296,0.7696707478152195,-0.09657816541066272
-0.5135034971068079,-0.858087500467801,0.881261864627711,0.19692426277107614
-0.5966842563873936,-0.802476104428925,0.9576497152796515,0.06481858394773608
-0.6738912121355058,-0.7388305855922174,0.9957828777750497,0.045167483028823605
-0.7443513940908625,-0.6677881416399887,0.9941380683741438,-0.12125651156468001
-0.8073593784394968,-0.5900600257988923,0.9527809913419744,-0.0053490784069631534
-0.8622843502815093,-0.5064244260100368,0.8733637142975018,-0.2324176275003431
-0.9085764191391356,-0.4177186739712574,0.7590586740087063,-0.0014556544472551
-0.945772124276654,-0.32483086205166123,0.6144319488664326,-0.06429483078969682
-0.9734990747144623,-0.2286909520074763,0.4452608603496953,0.07831404685427526
-0.9914796774832604,-0.13026146451537274,0.2583031896523979,-0.09350207603781434
-0.9995339167921355,-0.03052784273695728,0.06102722844417051,-0.034203067507960094
-0.9975811562865692,0.06951141360921607,-0.13868655272679148,-0.137801143401147
-0.985640946352686,0.16885474489330096,-0.33286030110554904,-0.20786854020783083
-0.9638328283853118,0.26650755885484834,-0.5137374684742666,0.05483106824445763
-0.9323751379794599,0.3614921881282957,-0.6740926575692331,-0.11152832593173928
-0.8915828190272354,0.45285767832228235,-0.8075202509134192,-0.022887702860705076
-0.8418642706047871,0.5396893086573699,-0.9086902923720769,-0.138352216055686
-0.7837172582170817,0.6211177498451483,-0.9735613998772058,-0.11052847240172903
-0.7177239303359367,0.6963277675226915,-0.9995422042168692,-0.05835307472271722
-0.6445449901238443,0.76456638410687,-0.9855948649863714,-0.003907472357294858
-0.564913080694601,0.8251504173543969,-0.9322765286082161,0.22910803006979052
-0.47962545013501245,0.8774733201544002,-0.8417170723210363,-0.18427797152431172
-0.38953596972335097,0.9210112530754923,-0.7175340231857611,-0.03251659603963657
-0.29554658525514355,0.9553283288712967,-0.5646880507908288,0.214361650829831
-0.1985982870631424,0.9800809764379604,-0.38928480620750183,0.04785201935113466
-0.09966168913621938,0.9950213805333609,-0.19833102302121536,-0.06597315863867358
0.000272688343677415,0.9999999628205328,0.0005453766670780155,0.021421017493437434
0.1002043357589465,0.9949668793960469,0.19939999050406548,-0.07273513443226017
0.19913277082442532,0.9799725198105236,0.39028928640332716,0.09827957771998527
0.2960675550820649,0.9551670025852698,0.5655879183009701,-0.14719361849969848
0.3900382098399367,0.9207986722757898,0.7182933315148793,-0.042770643460617826
0.48010393228094733,0.8772116131289938,0.8423054898114861,0.14130737969004123
0.5653630144663881,0.82484220422665,0.932670550081358,-0.005840518055647146
0.6449618709348239,0.7642147506036844,0.9857787506906843,0.2224974053660553
0.7181035845146111,0.6959362340813035,0.9995086085747671,-0.07371480540622552
0.7840558847926061,0.6206902363676132,0.9733116649146818,0.11039703416179691
0.8421584793609429,0.5392300952658933,0.908234394109562,-0.09748533966820949
0.8918296644442122,0.4523713625079772,0.806876400859321,-0.07204888991368859
0.9325721487233556,0.36098363872273137,0.6732865752352662,-0.10716937713820458
0.9639780320503539,0.26598186728483414,0.5128013539726255,-0.046519501810418445
0.9857328892082583,0.16831717420732628,0.331831548869515,-0.0624415895715919
0.997618917831508,0.06896734578545743,0.13760625773639895,0.20355711041349778
0.99951711897046,-0.0310729606730932,-0.06211591225970503,0.11953536839001946
0.9914084884691511,-0.13080217502516123,-0.25935677326034495,0.0257405476816372
0.9733742072285612,-0.22922184167781734,-0.4462372568452323,0.053059555179400725
0.945594828450528,-0.32534661579247554,-0.6152921546944913,0.0037079219027326854
0.9083484699994031,-0.41821412822828363,-0.7597683270165914,0.02802725359374413
0.8620080299788297,-0.5068946204607194,-0.8738944663804228,-0.06610869670364293
0.8070374534004872,-0.5905002530133722,-0.9531116408485106,0.007658674200513489
0.7439870873215007,-0.6681939942104164,-0.9942554070366544,-0.04397266957730392
0.6734881709535376,-0.7391980002581573,-0.9956822183327576,-0.033152054934749826
0.5962465159065301,-0.8028014027574466,-0.9573350787180053,-0.08470597498190104
0.5130354398385975,-0.8583674256806444,-0.8807458195543881,0.07121135811060841
0.42468802425778907,-0.9053397605606501,-0.7689739083890449,-0.07002824323942262
0.3320887739882991,-0.9432481360654514,-0.6264842341454481,0.04129267090370994
0.23616476180341783,-0.9717130261977222,-0.45896875074652665,0.04527302667457271
0.137876346882594,-0.9904494499823353,-0.27311910387087784,-0.12083847837731293
0.03820756001590159,-0.9992698246007589,-0.07635932359102589,-0.04062192441815283
-0.06184374818353594,-0.9980858434075756,0.12345073913050038,-0.041986420296999526
-0.1612758974267981,-0.9869093600271409,0.3183293854345683,-0.01951825057513315
-0.2590934062376301,-0.9658522696790554,0.5004919089469849,0.049220355359791704
-0.354316958380688,-0.9351253889205755,0.6626615670137924,0.002540204901675234
-0.445993207448567,-0.8950363450216641,0.7983602605985086,0.051403068937252376
-0.5332043214478023,-0.8459864961034477,0.9021673112176852,0.0824533905489336
-0.6150771718262164,-0.7884669128747656,0.9699359976991173,0.1619504169439479
-0.6907920749444744,-0.7230534621961974,0.9989592028925944,0.05667974406033064
-0.7595909984750037,-0.6504010416933133,0.9880775533380125,0.018811790684713482
-0.8207851505684663,-0.5712370231403948,0.937725732097143,0.023380390148049098
-0.8737618758078334,-0.4863539702570302,0.84991511471674,0.060532380937235813
-0.9179907889097756,-0.39660170382489235,0.7281534219543483,-0.07028363929288277
-0.953029084765076,-0.30287879356574626,0.5773045988534269,0.22645175901324877
-0.9785259716554723,-0.20612356196154316,0.40339451749901184,0.0008537585050602675
-0.9942261832632466,-0.10730469008294603,0.213370264934826,0.0031503687921176984
-0.9999725343123316,-0.007411519478017651,0.014822631831077038,0.09010402801917752
-0.995707494254824,0.092555852785113,-0.18431711251056648,-0.11338845729323499
-0.9814737632476158,0.19159658675603572,-0.37609404605768937,0.03679643368906142
-0.9574138446526747,0.2887191196775586,-0.5528473647904538,0.0681961481987131
-0.9237686183409852,0.3829510931808226,-0.7075164044796368,0.06728095932087695
-0.8808749290836877,0.4733490882127141,-0.8339226890224058,0.09195830157293663
-0.8291622141747446,0.5590080702322956,-0.9270167385107226,-0.12162617786926036
-0.7691482040481001,0.6390704501145256,-0.9830797779315965,-0.16882483936215498
-0.7014337389335144,0.7127346700461193,-0.9998722889559883,-0.09808392140318369
-0.6266967534447444,0.7792632284548126,-0.9767234707030025,-0.07681165633150086
-0.5456854893246413,0.8379900636287562,-0.9145580358408901,-0.1019249375738536
-0.4592110042985862,0.8883272221040418,-0.8158592716163408,0.04119164072054593
-0.36813905203546016,0.9297707450583894,-0.684569841392198,-0.07374589164687823
-0.2733814145109036,0.9619057137786519,-0.5259342893178562,-0.01628549816474081
-0.175886773550737,0.9844104036883762,-0.34628953950905406,-0.057309724424755126
-0.0766312129451944,0.9970595053468715,-0.15281175854653262,0.07261067367444299
0.02339155377594453,0.9997263801720686,0.04677030676605061,-0.164057650323497
0.12318013207150959,0.9923843283037298,0.2444840652522996,-0.12776009048556122
0.22173547201659166,0.9751068559135351,0.43243155792520455,-0.055719734149243486
0.3180708704569046,0.9480669392858224,0.6031049532601094,-0.21484473909402962
0.41122184955117846,0.9115352930368126,0.7496864582675472,0.141557238473437
0.5002558128013609,0.8658776598102353,0.8663206649898191,0.19328289836417067
0.5842813818972408,0.8115511485841486,0.9483484531500787,0.05641341631628294
0.6624573208985456,0.7490996582484346,0.992493105378548,0.12389223255088666
0.7340009584081778,0.6791484322707935,0.9969912003763476,-0.11452743485237603
0.7981960234169846,0.6023977989678521,0.9616630553025673,0.04035111790267498
0.8543998163698461,0.519616160051988,0.8879199034624462,-0.07421718697893641
0.9020496436590866,0.4316322976498803,0.7787075205736548,0.1067889498579103
0.9406684511249179,0.3393270768126942,0.6383885515402861,-0.21697753303308318
0.9698696001624452,0.2436246265892249,0.4725682383596329,-0.03580335096283844
0.9893607386182299,0.14548308795454654,0.2878705107103422,-0.10386991678423813
0.9989467277224647,0.045885021222400665,0.09167338360318597,0.06213845587270031
0.9985315957531506,-0.054172431020461785,-0.10818576798537836,-0.06554226572504866
0.9881194988729453,-0.15368752697300914,-0.3037232842711841,-0.09271802744975904
0.9678146795190496,-0.25166395472423053,-0.4871281393758554,0.05702719991504697
0.9378204227627222,-0.34712080699541636,-0.6510739639323573,0.058229792941360096
0.8984370210870504,-0.43910240165618175,-0.7890117073922991,0.12302755988376841
0.8500587679588477,-0.5266878496949458,-0.8954312492211607,0.1447845307085423
0.793170010294169,-0.609000274852112,-0.9660815085472029,0.12695365099178887
0.7283402993386638,-0.6852155926124753,-0.9981402596697803,0.11322458842024685
0.6562186885107519,-0.7545707606641201,-0.9903268699031386,-0.07431140013387665
0.5775272352954541,-0.816371418223341,-0.9429534562815102,-0.013536604995725638
0.49305377224604,-0.869998837742873,-0.8579124175975882,-0.1231174118984165
0.40364401946748585,-0.9149161194055615,-0.7386008398249103,-0.13155442813939255
0.3101931175492785,-0.9506735663859912,-0.589784794657923,0.11254632110440793
0.21363666571663464,-0.9769131870649915,-0.4174089519583514,-0.0647705855705136
0.11494135492357486,-0.9933722791221489,-0.22835911141163884,0.08948650853211426
0.015095289665776798,-0.9998860596237487,-0.03018713940558531,0.045795695876330034
-0.08490190459158042,-0.996389314774462,0.16919070107810316,0.14155750848616303
-0.18404908933029487,-0.9829170528161006,0.36180997691604133,-0.0251352782712468
-0.2813536360435772,-0.9596041535367896,0.5399762355201896,-0.026033027571014097
-0.3758413641013176,-0.9266840178995538,0.6965723707565163,-0.029410650677372675
-0.4665662939211502,-0.8844862313098394,0.8253429259330342,0.005149074572674638
-0.5526201178002604,-0.8334332639164496,0.9211439769683278,-0.039701739319361995
-0.6331412935887051,-0.7740362409815327,0.9801486137991725,0.0357341630544304
-0.707323670161831,-0.7068898256650732,0.9999998117789525,-0.04462599764026432
-0.7744245583360577,-0.6326662654559686,0.9799045863997231,-0.051052768966287056
-0.8337721664250718,-0.5521086618545686,0.9206656701930622,-0.09825061295591146
-0.8847723259937919,-0.46602353068867153,0.8246494464305104,-0.07096964483157865
-0.9269144404744056,-0.3752727275462733,0.6956914205577159,0.028981987525942172
-0.9597765970886525,-0.28076481916530566,0.5389430054413756,0.02751031676363687
-0.9830297908977229,-0.18344598716673874,0.36066574081109104,0.018704106863020282
-0.9964412186898104,-0.08429055520024348,0.16798116709554273,-0.07804569565830116
-0.9998766097281565,0.015708765658956052,-0.031413654700182134,0.06170086351709352
-0.9933015700248161,0.11555081560177397,-0.22955361310978023,-0.12421904333456071
-0.9767819266817863,0.2142360093630803,-0.4185237239805734,-0.04205216140620208
-0.9504830688520463,0.31077634373548535,-0.5907753058406447,0.06759058461626016
-0.9146682919185678,0.40420528912765313,-0.7394275227816827,0.024430598322769
-0.8696961614688881,0.4935874661357212,-0.8585422492947831,-0.07466487309036167
-0.8160169234561374,0.5780280102496593,-0.9433612771907995,0.08331141465851154
-0.7541679964869521,0.6566815309378334,-0.9904963890347405,0.04325698602812341
-0.6847685913657766,0.7287605754148135,-0.9980647053394293,0.05052563618160366
-0.6085135117631242,0.7935435123556301,-0.9657638988807375,-0.06594991136173874
-0.5261661980731555,0.8503817566277164,-0.8948842715911539,-0.082257042668453
-0.4385510841034625,0.8987062627086102,-0.7882572116028645,-0.03384284639174608
-0.3465453431189867,0.9380332217797746,-0.650142089397361,0.03249479832087663
-0.2510701058762911,0.9679689054588831,-0.4860561111570386,0.12432741618475843
-0.15308123856990244,0.9882136076769559,-0.30255392606964016,-0.09408352287320586
-0.053559773019258225,0.9985646452354128,-0.10696579148772963,0.07321398841314895
0.046497915094397664,0.998918387002599,0.09289524469015903,-0.17438446338414967
0.14609008160851744,0.9892712914340619,0.2890454473971311,0.053839177044287784
0.24421964300741908,0.9697199420293104,0.4736493161191464,0.16395641924965862
0.33990415888939085,0.9404600803700791,0.6393325851744812,0.10288249493679501
0.4321856678320511,0.9017846464209534,0.7794767993082599,0.13363078784889068
0.5201402781821228,0.8540808457122919,0.8884836973576284,0.05141855431978424
0.6028874177502677,0.7978262727677088,0.9619988428044893,0.12691969569535363
0.6795986498057093,0.7335841295872322,0.9970855679727588,0.08862995683192201
0.7495059671082467,0.6619975870568804,0.9923422834207855,0.025781611076359453
0.8119094809402068,0.5837833457365875,0.9479584664370602,0.0865347750352629
0.8661844281586604,0.49972446049343466,0.8657070920988017,-0.1673345270898076
0.9117874261153207,0.4106625008178837,0.7488738092456381,0.004240887555846884
0.9482619128222346,0.3174891253109576,0.6021256905352533,0.049464219822643936
0.9752427178979005,0.2211371546961665,0.43132479954819564,-0.0034894329106601725
0.9924597185312339,0.12257123272980287,0.24329402227009314,0.19538912796536667
0.9997405438609241,0.02277816850987227,0.04554451714843095,-0.16004771125117123
0.9970123006949557,-0.0772429431271958,-0.15402432887939022,-0.2054977684694102
0.9843023032929037,-0.1764907242103237,-0.34744045270010854,-0.09103216598628744
0.9617377999046809,-0.27397153909576855,-0.5269775704929273,-0.03995536776625147
0.9295446988035647,-0.3687094424152846,-0.685463815191892,-0.07918091676972729
0.8880453065679758,-0.4597559499153761,-0.8165682269781023,-0.09718859286818847
0.8376551012556726,-0.5461995343648224,-0.915053652528333,0.09235891702448724
0.7788785727761262,-0.627174751461046,-0.9769859505984024,-0.020459331394208774
0.7123041721060601,-0.7018709043693865,-0.999891146924335,-0.09259398345702845
0.6385984199146992,-0.7695401601491955,-0.9828542606643618,0.08920523142933301
0.5584992335814661,-0.8295050368074415,-0.926555854617844,-0.07930698285928406
0.47280853941349754,-0.8811651860222774,-0.833244849170432,0.01816214731934149
0.3823842440273235,-0.9240034036299066,-0.7066486859513915,-0.16369438390828164
0.28813164527419566,-0.9575908077000246,-0.5518244298441077,0.0794184650483201
0.19099436870039532,-0.9815911323584466,-0.3749567572934154,0.007528808359389948
0.09194492028325013,-0.9957640943687951,-0.18311090055532328,-0.06540976908664821
-0.008025049973866395,-0.9999677987679989,0.01604958311474073,-0.049580038321216185
-0.1079146761103522,-0.9941601594712983,0.21456894322232256,0.02507842802335346
-0.2067238965440564,-0.9783993206240703,0.40451703987093074,-0.1789219249584788
-0.30346346635401555,-0.95284307448205,0.5783061245474804,0.06656562762659643
-0.3971648612701662,-0.917747281647976,0.7289939435935813,-0.05709653666218498
-0.48688997421503993,-0.873463309480643,0.8505610564616276,-0.03577735044849988
-0.5717405073184685,-0.8204345143222709,0.9381512908803927,0.09899350289520524
-0.6508669653760045,-0.7591918027628005,0.9882657296051243,0.13658705980259842
-0.7234771607111532,-0.6903483163804548,0.9989024796733125,-0.004885468526592675
-0.7888441442939534,-0.6145932931729247,0.9696366408835972,0.20594293373064965
-0.8463134837118449,-0.5326851671367626,0.9016372790422799,0.000842237187992579
-0.8953098151285307,-0.4454439750793763,0.7976207259568686,-0.017399379609487137
-0.9353426036345177,-0.353743146684429,0.6617420716753618,-0.05955261206913775
-0.9660110543188885,-0.2585007600254009,0.49942918346874277,0.08148053248951866
-0.9870081248940717,-0.1606703500745814,0.3171658819063733,-0.04633377715274778
-0.9981235997007355,-0.06123136222922008,0.12223293536561759,-0.20685833113719854
-0.9992461943167483,0.03882065356862752,-0.07758278067867988,-0.09233025756629475
-0.9903646696996672,0.13848400994580193,-0.27429934153731916,0.04358799924783935
-0.9715679447082772,0.23676091065742744,-0.46005862270939346,0.010858713953229593
-0.9430442058766568,0.33266744018984773,-0.6274402039097101,-0.09745366127198105
-0.9050790233534605,0.42524341439409274,-0.7697577883745929,0.0031157246584355308
-0.8580524918689137,0.5135619935290652,-0.8813262965535628,0.06797757357056028
-0.8024354253533363,0.5967389614714378,-0.957688964746483,-0.060362415416348264
-0.7387846433052319,0.6739415781923248,-0.9957953769067632,-0.018742031724410833
-0.6677373961004618,0.7443969168722927,-0.9941233178750332,-0.19188897897932367
-0.5900049850542,0.8073996021866702,-0.9527395804418268,-0.034792983546060745
-0.5063656411097587,0.8623188722876839,-0.8732972972139945,-0.0751435444903254
